ID,Label,Headline,"Article Body (Snippet)"
R001,REAL,"Global Carbon Dioxide Levels Hit Record Highs, Scientists Warn of Accelerated Warming","Data released by the National Oceanic and Atmospheric Administration (NOAA) confirms that atmospheric $\text{CO}_2$ concentration surpassed 420 parts per million in May, a benchmark not seen in millions of years. Experts urge immediate international policy changes to mitigate the long-term impact on global climate patterns."
R002,REAL,"Major Tech Companies Face Antitrust Probe Over App Store Practices in EU","Brussels is initiating a formal investigation into three leading technology firms regarding alleged anti-competitive behavior in their mobile application marketplaces. The probe will examine exclusionary tactics and revenue-sharing models that may violate new digital market regulations."
R003,REAL,"Local Council Approves New Zoning for Downtown Community Housing Project","After months of public debate and four open sessions, the City Council voted 5-2 to pass Ordinance 203-A, allocating $5 million for the development of 150 affordable housing units in the downtown district, beginning in Q3 of next year."
R004,REAL,"Rare Star-Forming Region Discovered in Distant Galaxy Cluster by Webb Telescope","Astronomers using the James Webb Space Telescope announced the observation of a massive, previously uncatalogued cloud of gas and dust actively forming stars. The discovery challenges current models of stellar evolution in dense galactic environments."
R005,REAL,"Stock Market Opens Lower on Unexpected Quarterly Earnings Report from Manufacturing Sector","The Dow Jones Industrial Average fell 1.5% in early trading following a report that showed a significant dip in production output and lower-than-forecast revenue for heavy industry manufacturers, signaling a possible slowdown."
R006,REAL,"Archaeologists Unearth Well-Preserved Roman Mosaic in Southern England","A team of specialists announced the discovery of a 4th-century Roman-era mosaic floor during a routine infrastructure survey. The artifact, described as ""exceptional,"" depicts scenes from a mythological tale and is now being stabilized for public display."
R007,REAL,"Central Bank Hikes Key Interest Rate to 5.25% in Ongoing Effort to Curb Inflation","Citing persistently high consumer price index (CPI) data, the national central bank has implemented another quarter-point increase to the benchmark lending rate, marking the sixth such rise this year. Analysts project slower economic growth as a result."
R008,REAL,"New Report Details Decline in Bee Populations Due to Pesticide Use and Habitat Loss","A comprehensive 10-year study published in the journal Environmental Science shows a 40% decrease in pollinator numbers across North America, directly correlating the trend with specific agricultural pesticide compounds."
R009,REAL,"Heavy Rain and Flash Floods Cause State of Emergency Declaration in Coastal Regions","Record rainfall over a 48-hour period has led to widespread flooding, prompting the governor to activate the National Guard for rescue and cleanup operations. Several major roadways remain impassable, and residents are advised to shelter in place."
R010,REAL,"Automaker Recalls 500,000 Vehicles Due to Faulty Brake System Software","A major international automaker issued a voluntary recall for half a million of its sedan models from 2022-2024 to address a software glitch in the anti-lock braking system (ABS) that could increase the risk of an accident."
R011,REAL,"Negotiators Reach Tentative Deal to End Two-Week Public Transit Strike","Union leaders and city officials announced late Tuesday night that they have secured a provisional agreement on wages and healthcare, pending a full vote by the membership next week, effectively ending the ongoing public transit disruption."
R012,REAL,"Olympic Committee Strips Medal from Sprinter for Doping Violation","The International Olympic Committee (IOC) confirmed the disqualification of a prominent track athlete after retesting samples from the last games revealed the presence of a banned performance-enhancing substance, reassigning the bronze medal to the runner-up."
R013,REAL,"Pharmaceutical Company Reports Phase 3 Trial Success for New Migraine Drug","Shares surged after a major pharmaceutical firm released data showing its novel therapeutic compound achieved statistically significant reductions in migraine frequency and severity during its final stage of clinical testing."
R014,REAL,"Government Accountability Office Finds Waste in Defense Contract Spending","A non-partisan review body released a 300-page report detailing billions of dollars in unjustified expenditures and poor oversight related to three large, classified defense hardware procurement contracts over the last five years."
R015,REAL,"Major University Endowment Reports 12% Return Driven By Private Equity Investments","The investment arm of a prestigious university announced a strong fiscal year return, largely attributed to diversified holdings and above-average performance in its venture capital and private equity portfolios."
R016,REAL,"Global Supply Chains Face Disruptions Following Key Shipping Lane Closure","Maritime traffic has been significantly affected after an obstruction incident in a vital strait, leading to widespread delays in the delivery of consumer electronics and industrial components across three continents."
R017,REAL,"Measles Outbreak Confirmed in Three States, Public Health Officials Urge Vaccinations","Health departments across the Northeast issued a joint advisory confirming 50+ cases of a highly contagious infectious disease, stressing the importance of herd immunity and advising parents to check vaccination records immediately."
R018,REAL,"Court Overturns State Law Restricting Access to Voting Drop Boxes","A Federal District Judge ruled that a recently enacted state law imposing severe limits on the number and hours of election drop boxes is unconstitutional, citing undue burden on voters."
R019,REAL,"New Telescope Array in Chile Begins Operations, Set to Map Dark Matter","The commissioning of the $250 million Atacama Array project is complete, and the network of radio telescopes has begun its primary mission to observe gravitational lensing effects and create the most detailed map of non-baryonic matter yet."
R020,REAL,"Tech Giants Announce Open-Source Collaboration to Develop Safer AI Models","Rival companies have formed an unprecedented partnership to share research and development on fundamental AI safety protocols, focusing on robustness against adversarial attacks and improving interpretability."
R021,REAL,"President Signs $1.2 Trillion Infrastructure Bill Into Law","The bipartisan legislation, which allocates funds for roads, bridges, public transit, and broadband expansion, was signed in a ceremony today, marking a significant investment in national physical and digital assets."
R022,REAL,"Severe Drought Forces Water Restrictions in Western Agricultural Regions","Record low reservoir levels in the major river basin have triggered Stage 3 water restrictions, severely limiting irrigation for farms and prompting mandatory conservation measures for urban residents."
R023,REAL,"UK Inflation Rate Rises to 9.1%, Highest Level in 40 Years","The Office for National Statistics reported a sharp increase in the cost of living, driven primarily by soaring energy prices and food costs, placing significant pressure on household budgets."
R024,REAL,"Electric Vehicle Manufacturer Recalls Flagship Model Over Battery Fire Risk","An international automaker is recalling approximately 80,000 electric SUVs globally after isolated incidents linked a specific battery module design flaw to thermal runaway events."
R025,REAL,"Study Suggests Mediterranean Diet May Reduce Risk of Alzheimer’s Disease","Research published in a leading medical journal, based on a 15-year longitudinal study, indicates that adherence to a plant-rich diet correlates with a lower incidence of cognitive decline in older adults."
R026,REAL,"Global Chess Federation Bans Transgender Athletes from Women’s Events","The FIDE ruling specifies that transgender women are not permitted to compete in official women's tournaments until a comprehensive policy review is completed, a decision that has drawn international controversy."
R027,REAL,"Copper Prices Soar Amidst Mining Disruptions and Increased Demand for Renewables","The price of the industrial metal hit a new all-time high on commodity markets, fueled by labor disputes at key South American mines and projections of massive uptake in wind and solar power infrastructure."
R028,REAL,"Local Police Chief Resigns Amid Investigation into Use of Force Policies","The head of the city's police department submitted their immediate resignation following public scrutiny and an internal review prompted by several high-profile incidents involving officer conduct."
R029,REAL,"Earthquake Measuring 6.5 Strikes Off Coast of Alaska, No Tsunami Warning Issued","The U.S. Geological Survey (USGS) reported a strong earthquake centered in the Gulf of Alaska. While shaking was felt across coastal communities, the depth and location led to the cancellation of any severe sea level threat."
R030,REAL,"Court Rules Against Municipality in Landmark Environmental Pollution Case","A state Supreme Court affirmed a lower court's finding of negligence against the city government for failing to upgrade its wastewater treatment facility, leading to chronic contamination of a local river."
R031,REAL,"New Species of Deep-Sea Fish Discovered in Pacific Ocean Trench","Oceanographers utilizing a remotely operated vehicle (ROV) identified a previously unknown species of fish adapted to extreme hydrostatic pressure and zero-light conditions at depths exceeding 8,000 meters."
R032,REAL,"Cyberattack Disrupts Operations at Major City Hospital System","Emergency protocols were enacted after a ransomware attack compromised the computer network of a large urban healthcare provider, forcing staff to rely on paper records and diverting non-critical patients."
R033,REAL,"Airline Industry Group Projects Strong Summer Travel Rebound to Pre-Pandemic Levels","A trade organization for major carriers forecasts a substantial increase in passenger traffic, particularly on international routes, driven by pent-up demand and easing global travel restrictions."
R034,REAL,"Federal Reserve Signals Possibility of Interest Rate Cut Later This Year","The chair of the Federal Reserve suggested in a press conference that sustained reduction in inflation paired with cooling job growth could allow the central bank to ease monetary policy by Q4."
R035,REAL,"Fire Destroys Historic Landmark Building in Downtown District","An early morning blaze caused the collapse of a 19th-century theater building, a registered historic site, despite the efforts of over 100 firefighters. The cause remains under investigation."
R036,REAL,"Canadian Wildfires Cause Significant Air Quality Degradation Across Eastern US","Smoke plumes from uncontrolled fires in western Canada drifted across the border, leading to 'Unhealthy' air quality alerts and advisories for vulnerable populations across several US states."
R037,REAL,"Biologists Successfully Clone Endangered Ferret Using Frozen DNA Sample","Conservation scientists celebrated a breakthrough, using somatic cell nuclear transfer to produce two viable offspring of a critically endangered species, offering hope for increasing genetic diversity."
R038,REAL,"Local School Board Votes to Implement Later Start Times for High School Students","Following studies on adolescent sleep cycles, the school board approved a measure shifting high school start times back by 45 minutes, a change supported by pediatric sleep specialists."
R039,REAL,"UN Security Council Passes Resolution Condemning Cross-Border Attacks","A strongly worded resolution, backed by a unanimous vote from permanent members, calls for an immediate ceasefire and the withdrawal of military forces from disputed territories following recent border skirmishes."
R040,REAL,"Study Finds Link Between Lack of Sleep and Increased Risk of Type 2 Diabetes","Longitudinal research involving thousands of participants showed that individuals consistently reporting less than six hours of sleep per night had a significantly elevated risk profile for developing insulin resistance."
R041,REAL,"Energy Company Announces Record Profits Driven by Elevated Oil and Gas Prices","A multinational energy corporation reported its highest-ever quarterly earnings, attributing the windfall to geopolitical instability and strong global demand for fossil fuels."
R042,REAL,"Voters Reject School Funding Levy in Tight Local Election","A highly contested ballot measure that would have raised property taxes to fund new school construction and technology upgrades failed by fewer than 500 votes, forcing the district to re-evaluate capital spending."
R043,REAL,"NASA Satellite Detects Massive Solar Flare Heading Away from Earth","The Solar Dynamics Observatory confirmed a powerful X-class solar flare, but its trajectory is angled away from our planet, minimizing the risk of disruptions to satellite communications or power grids."
R044,REAL,"Global Semiconductor Shortage Expected to Ease by Mid-Year, Report Suggests","An industry analysis predicts that ramped-up production capacity and cooling consumer demand for certain electronics will lead to a significant improvement in the availability of microchips in the coming months."
R045,REAL,"Consumer Protection Agency Issues Warning on Dangerous Children’s Toys","The CPSC recalled three imported toy sets containing small magnets that pose a severe ingestion hazard to young children, urging parents to immediately discontinue use."
R046,REAL,"Major Film Studio Postpones Release of Tentpole Blockbuster Due to Production Delays","The highly anticipated sci-fi epic has been pushed back nine months after the director cited unforeseen challenges with visual effects rendering and reshoot scheduling conflicts."
R047,REAL,"European Union Agrees to Phase Out Single-Use Plastics by 2030","Member states reached a consensus on a directive that mandates the gradual elimination of certain non-biodegradable plastic products, reinforcing the bloc's commitment to sustainability goals."
R048,REAL,"Investigation Launched After Bridge Section Collapses During Rush Hour","State transportation authorities have commenced a full inquiry into the structural failure of a major elevated highway segment, focusing on maintenance records and the integrity of supporting beams."
R049,REAL,"Researchers Develop Nanoparticle That Can Cross Blood-Brain Barrier for Drug Delivery","A breakthrough in neuroscience has yielded a microscopic carrier capable of safely transporting therapeutic agents across the body's most secure biological defense, opening new avenues for treating neurological disorders."
R050,REAL,"Hurricane Strengthens to Category 4, Expected to Make Landfall on Southern Coast","The National Hurricane Center upgraded the tropical storm, warning coastal residents to complete evacuation preparations as the powerful system is forecast to bring catastrophic winds and storm surge."
R051,REAL,"Opposition Party Gains Majority in Historic Mid-Term Election Upset","Preliminary results indicate a significant shift in legislative power, with the opposition securing control of both houses for the first time in over two decades, signaling major policy battles ahead."
R052,REAL,"New Housing Starts Fall Sharply as Mortgage Rates Continue to Climb","The Commerce Department reported a 10% month-over-month decline in residential construction permits, reflecting the cooling effect of rising borrowing costs on the real estate market."
R053,REAL,"Physicists Observe Rare Subatomic Particle Decay, Confirming Standard Model Prediction","Experiments conducted at the Large Hadron Collider successfully detected the predicted decay mode of a heavy quark, providing crucial confirmation of fundamental particle physics theory."
R054,REAL,"City Council Debates Implementation of Congestion Pricing for Downtown Traffic","The proposed plan to charge vehicles a fee for entering the central business district during peak hours is being reviewed as a measure to reduce gridlock and fund public transit improvements."
R055,REAL,"Global Coffee Prices Hit 10-Year High Following Frost Damage in Key Growing Regions","Adverse weather conditions in Brazil and Vietnam have severely impacted crop yields, leading to a spike in commodity futures and higher costs for consumers worldwide."
R056,REAL,"Defense Secretary Announces Significant Reduction in Overseas Troop Deployment","A phased withdrawal plan was detailed in a Pentagon briefing, citing increased stability in the region and a strategic shift toward rapid-response capabilities over permanent bases."
R057,REAL,"Health Officials Link Food Poisoning Cluster to Popular Local Restaurant Chain","The CDC is investigating over 100 cases of severe gastrointestinal illness traced back to contaminated ingredients served at multiple locations of a regional dining establishment."
R058,REAL,"Study Suggests Regular Aerobic Exercise Can Slow Onset of Age-Related Hearing Loss","A new study published in The Lancet found that individuals who engaged in at least 150 minutes of moderate-intensity cardio per week exhibited a significantly lower rate of decline in auditory sensitivity."
R059,REAL,"Tornado Touches Down Near Major Airport, Causing Flight Delays and Terminal Damage","A confirmed F2 tornado briefly struck the outskirts of an international airport, leading to the grounding of all flights and minor structural damage to two concourses, though no major injuries were reported."
R060,REAL,"Court Rules on Fair Use in Copyright Case Involving AI-Generated Art","A landmark intellectual property ruling upheld the defense of fair use for an artist who used a generative AI model trained on copyrighted material, provided the resulting work was sufficiently transformative."
R061,REAL,"Germany Pledges \$20 Billion for Transition to Renewable Energy Sources","The federal government announced a massive public investment package aimed at accelerating the construction of wind and solar farms and modernizing the national electric grid."
R062,REAL,"Massive Underwater Volcanic Eruption Creates New Island in Pacific Archipelago","Geologists confirmed the formation of a small, temporary volcanic island following days of intense seismic activity and plumes of steam and ash rising from the seafloor."
R063,REAL,"Tech Layoffs Continue as Industry Shifts Focus from Growth to Profitability","Several major technology firms announced further workforce reductions, stating the need to streamline operations and prioritize core, high-margin business lines amidst economic uncertainty."
R064,REAL,"Unionized Teachers Vote to Ratify New Contract, Averting Scheduled Strike","After weeks of tense negotiations, the teachers' union membership voted overwhelmingly to accept a new three-year agreement that includes a 7% salary increase and capped classroom sizes."
R065,REAL,"New Gene Therapy Shows Promise in Early Trials for Treating Muscular Dystrophy","A biotechnology firm released promising preliminary data on a novel therapy that uses viral vectors to correct the defective gene responsible for a debilitating muscle disorder."
R066,REAL,"Trade Dispute Between Two Major Nations Escalates with New Tariffs on Steel and Aluminum","Retaliatory measures were announced by both governments, placing additional duties on key imported goods, potentially leading to increased costs for manufacturers and consumers."
R067,REAL,"Astronauts Complete Spacewalk to Repair Exterior Cooling System on ISS","Two mission specialists successfully installed a replacement pump module during a planned six-hour extravehicular activity (EVA) to restore full redundancy to the station's thermal control system."
R068,REAL,"City Implements New Regulations Banning Short-Term Rentals in Residential Zones","Citing concerns over housing affordability and neighborhood disruption, the municipal government passed an ordinance severely restricting the use of homes for platforms like Airbnb."
R069,REAL,"Global Bond Market Experiences Highest Volatility in a Decade Amid Recession Fears","Investor confidence was shaken by a confluence of high inflation and aggressive interest rate hikes, leading to sharp price swings in sovereign debt markets across developed nations."
R070,REAL,"Defense Attorney Acquitted in High-Profile Perjury Case","A prominent legal figure was found not guilty on all counts after a week-long trial centered on allegations that they provided false testimony during a separate criminal proceeding."
R071,REAL,"Study Links Air Pollution to Increased Cognitive Decline in Older City Residents","A multi-institutional epidemiological study found a correlation between long-term exposure to particulate matter $\text{PM}_{2.5}$ and faster rates of memory loss and executive function decline."
R072,REAL,"New Documentary on Climate Change Wins Grand Jury Prize at Major Film Festival","The powerful documentary, which follows the lives of communities impacted by sea-level rise, was lauded by critics for its compelling storytelling and urgent message."
R073,REAL,"Mining Company Suspends Operations After Fatal Accident at Underground Site","Regulators have halted work at a large gold mine following a structural collapse that resulted in two fatalities. A full investigation into safety protocols is underway."
R074,REAL,"Federal Agency Orders Recall of Contaminated Imported Produce","The Food and Drug Administration (FDA) issued a public alert and mandated the removal of several batches of foreign-grown berries suspected of carrying a multi-drug resistant bacterium."
R075,REAL,"Local University Launches New Interdisciplinary Program on Quantum Computing","The physics and computer science departments have collaborated to create a new advanced degree program focused on the theoretical and engineering aspects of next-generation computation."
R076,REAL,"Major Wildfire Contained After Scorching 50,000 Acres in National Forest","Firefighting efforts, aided by a break in the weather, successfully established a perimeter around the massive blaze. Damage assessment has begun, but no structures were lost."
R077,REAL,"Political Party Leader Resigns Following Pressure Over Campaign Finance Violations","The head of a major political faction stepped down immediately after an independent ethics committee released findings detailing improper use of campaign donations for personal expenses."
R078,REAL,"Scientists Develop Battery That Charges in Minutes Using Solid-State Technology","Researchers at MIT unveiled a prototype for a revolutionary solid-state lithium battery that promises ultra-fast charging times and increased energy density for EVs and consumer electronics."
R079,REAL,"Public Library System Reports Record High Circulation for Digital and Audiobooks","Data indicates that patrons are increasingly utilizing the library's electronic resources, driving a significant increase in overall loan numbers compared to the previous year."
R080,REAL,"Court Blocks Merger of Two Large Healthcare Chains Citing Monopoly Concerns","A federal judge granted the government’s request for a preliminary injunction, arguing the combination of the two hospital groups would substantially reduce competition and increase patient costs."
R081,REAL,"International Aid Organizations Warn of Impending Famine in War-Torn Region","Reports from several non-governmental organizations detail a catastrophic shortage of food and medical supplies, with millions facing acute malnutrition due to prolonged conflict."
R082,REAL,"Retail Sales Drop Unexpectedly in November, Signaling Caution Among Consumers","The Commerce Department reported a surprise decline in retail spending, suggesting that high inflation and economic uncertainty are causing households to pull back on discretionary purchases."
R083,REAL,"Astronomy Team Discovers Exoplanet Orbiting Binary Star System","Using advanced Doppler spectroscopy, an international team identified a Jupiter-sized gas giant in a complex orbit around two stars, a configuration that tests current planetary formation theories."
R084,REAL,"City Transportation Authority Announces Rollout of New Electric Bus Fleet","The municipality has begun integrating 50 new battery-powered buses into its public transit network, aiming to reduce carbon emissions and noise pollution downtown."
R085,REAL,"Medical Breakthrough: Researchers Successfully Reverse Cellular Aging in Human Tissue Samples","A new study details a cocktail of genetic factors that, when applied in a lab setting, partially restores youthful gene expression patterns in aged human cells, though clinical application is years away."
R086,REAL,"State Legislation Mandates Financial Literacy Course for High School Graduation","Lawmakers passed a bill requiring all public school students to complete a semester-long course covering budgeting, investing, and debt management before receiving their diploma."
R087,REAL,"OPEC+ Agrees to Maintain Current Oil Production Levels Through Q1","The coalition of major oil-producing nations voted to keep output quotas stable, a decision aimed at supporting crude prices despite pressure from consuming countries for an increase."
R088,REAL,"Two Hikers Rescued After Being Stranded for Three Days in National Park","Search and rescue teams located the missing individuals using drone technology after they became disoriented off-trail. Both are reported to be in good condition, suffering only mild exposure."
R089,REAL,"Study Finds Microplastics Widespread in Remote Antarctic Ice Cores","Research confirms that even the most isolated regions are contaminated, with plastic fibers and fragments detected deep within centuries-old ice samples from the South Pole."
R090,REAL,"New York City Enacts Ban on Natural Gas Hookups in New Construction","The city council passed a landmark bill requiring all new buildings under seven stories to utilize electric power for heating and appliances, beginning in 2024, as part of its climate goals."
R091,REAL,"Nobel Laureate in Economics Predicts Extended Period of Stagflation","A highly respected economist warned that current conditions—slow growth combined with persistent high inflation—mirror key indicators of past stagflationary periods."
R092,REAL,"Art Museum Acquires Rare 17th-Century Masterpiece After Private Auction","A major city museum announced the acquisition of a previously unseen painting by a Dutch Old Master, purchased for a record price with funds donated by private benefactors."
R093,REAL,"Cybersecurity Firm Exposes State-Sponsored Hacking Campaign Targeting Infrastructure","A detailed report identified a sophisticated, prolonged cyber espionage operation originating from a foreign government, aimed at penetrating utility and telecommunications networks."
R094,REAL,"Agricultural Scientists Develop Drought-Resistant Wheat Variety Using Gene Editing","A new strain of wheat, engineered to require significantly less water while maintaining high yields, has passed field trials, promising a major advance for food security in arid climates."
R095,REAL,"Federal Reserve Raises GDP Growth Forecast Despite Recent Economic Headwinds","The central bank revised its outlook upward for the current year, citing unexpected resilience in the labor market and strong corporate balance sheets."
R096,REAL,"Pilot Program Shows Success in Using Drones for Rapid Medical Supply Delivery in Rural Areas","A test run in a remote state demonstrated that unmanned aerial vehicles can reliably transport emergency medications and blood samples faster than conventional ground transport."
R097,REAL,"New Study Links Heavy Smartphone Use to Changes in Adolescent Brain Structure","Magnetic resonance imaging (MRI) analysis revealed observable differences in the prefrontal cortex development of teenagers who reported excessive daily screen time."
R098,REAL,"International Body Launches Investigation into Alleged War Crimes","The ICC announced a formal inquiry into reports of targeted attacks on civilian populations and unlawful detentions committed during the recent conflict in a bordering nation."
R099,REAL,"Solar Power Achieves Cost Parity with Fossil Fuels in Three More US States","A major energy analysis firm confirmed that utility-scale solar installations are now economically competitive with coal and gas power plants without subsidies in California, Texas, and Florida."
R100,REAL,"City Mayor Vows to Overhaul Police Training After Independent Review of Conduct","The mayor responded to a critical report by promising comprehensive reforms to use-of-force policies, de-escalation training, and the internal disciplinary process."
F001,FAKE,"SHOCK: Scientists Discover Ocean Water Can Be Converted to Pure Gold Using Simple Microwave!","A sensational new process, kept secret by a rogue group of university researchers, allows anyone with a basic kitchen appliance to turn seawater into vast quantities of gold. Governments are panicking as the value of all global currency is about to collapse! (Source: The Daily Truth Seeker)"
F002,FAKE,"VACCINE MICROCHIP ACTIVATED! Millions Report Hearing Bizarre Opera Music in Their Teeth","The secret microchips implanted via the recent immunization drive have been activated, according to an anonymous source. Citizens across the nation are reporting a high-pitched, tinny opera melody that can only be heard inside the back of their mouths. (Source: Citizen Blog Report)"
F003,FAKE,"President Secretly Replaced by AI Hologram After Catastrophic 'Gardening Accident'","A high-ranking but unnamed operative within the administration has leaked classified documents proving the current President is a sophisticated AI-generated hologram. The real leader was lost in a freak, unpublicized incident involving a rare Peruvian Venus flytrap."
F004,FAKE,"Local Grocery Store Refuses to Sell 'Freedom' Brand Milk to Non-Voters","Outrage is spreading after reports emerged that a small chain of grocery stores is using a new ""voter loyalty"" app to scan IDs and block purchases of a specific, popular brand of dairy products from individuals who did not vote in the last election."
F005,FAKE,"Hidden Portal to Mars Found Under Grand Canyon; NASA Working to Conceal Evidence","Tourists witnessed a massive, swirling blue vortex open beneath the Grand Canyon last week before it was immediately sealed off by mysterious black helicopters. An anonymous 'whistleblower' claims it is an ancient Martian gateway. (Source: TruthBombsNow.com)"
F006,FAKE,"Pet Dog Learns to Speak Three Languages Fluently After Eating Rare Meteorite Fragment","A family in Ohio is stunned after their golden retriever began speaking perfect French, Spanish, and Mandarin following an encounter with a glowing space rock that landed in their backyard. The dog is now hosting a local radio show."
F007,FAKE,"Government Announces New 'Sunshine Tax' on All Outdoor Activities Starting Next Week","Sources confirm that a new federal levy is being imposed on all outdoor exposure. Any time spent in direct sunlight will incur a fee, payable via a new app, to fund a 'secret weather control' program. (Source: Independent Insider Scoop)"
F008,FAKE,"Study Finds Drinking Eight Glasses of Soda a Day Reverses Aging By Ten Years","Forget water! A revolutionary new 'study' from an undisclosed beverage institute has proven that the key to eternal youth is consuming eight sugary sodas every day. Doctors are baffled, but people are looking younger!"
F009,FAKE,"Giant Underground Worms Are Stealing Internet Cables, Causing Global Slowdown","The recent patchy internet service is not a technical issue, but rather the work of massive, subterranean, bioluminescent worms that have acquired a taste for fiber-optic cables. They are reportedly organized by a rogue AI."
F010,FAKE,"Local Man Claims His Toaster Can Predict Lottery Numbers with 90% Accuracy","A previously unemployed individual is now a multi-millionaire, claiming his old, rusty toaster can perfectly predict winning lottery numbers by flashing morse code signals. He is refusing to share his 'secret crumb.'"
F011,FAKE,"EXPLOSIVE REPORT: Tap Water Now Contains Chemicals That Turn Hair Blue Overnight!","Urgent warning issued: A new chemical additive, secretly approved by a government agency, is causing rapid hair pigmentation changes. Thousands are waking up with shocking blue hair. Stop drinking city water immediately! (Source: Health Freedom Warriors)"
F012,FAKE,"ALIENS Confirm Earth is Just a 'Cosmic Reality Show' for Extraterrestrials","A captured extraterrestrial, speaking through a psychic medium, revealed that humanity's existence is merely the plot for a highly-rated intergalactic television program. All major world events are scripted."
F013,FAKE,"School Mandates Students Wear Aluminum Foil Hats to Block 'Mind-Reading' Wi-Fi","Parents are furious after a local elementary school announced that all children must fashion and wear protective headgear to prevent brain waves from being intercepted by the new high-speed wireless network."
F014,FAKE,"Famous Celebrity Arrested for Running Illegal Underground Cheese Smuggling Ring","The well-known actor was apprehended attempting to cross the border with a massive stash of rare, unpasteurized European cheeses, which they planned to sell on the black market for millions."
F015,FAKE,"Newly Discovered Planet Made Entirely of Chocolate Causes Astronomer Frenzy","A heavenly body orbiting a star 50 light-years away has been confirmed to be a massive sphere of solid chocolate, raising the question of who gets the first bite. (Source: Sweet Science Weekly)"
F016,FAKE,"Scientists Find Cure for Common Cold, But Drug Companies Suppress Results to Protect Profits","A simple, inexpensive mix of household spices has been proven to eliminate the rhinovirus, but greedy pharmaceutical corporations are lobbying to ban its sale and destroy the research."
F017,FAKE,"Local Supermarket Caught Selling 'Expired' Bread Dating Back to the 1950s","Customers are demanding answers after finding loaves of bread labeled with decades-old expiration dates still on the shelves. Management claims the bread is 'vintage' and 'safe to eat'."
F018,FAKE,"RUMOR CONFIRMED: All New Smartphones Can Record Your Dreams While You Sleep!","A hidden feature, activated by the last software update, allows your phone to covertly record the audio and video of your subconscious night terrors. They know what you dream about! (Source: Tech Uncovered Blog)"
F019,FAKE,"Weather Service to Charge \$5 for Every Cloud You Look At Starting Next Month","A leaked internal memo reveals a plan to privatize the sky, with citizens required to pay a daily fee for the right to view any cloud formation in the atmosphere. Only 'blue sky' views remain free."
F020,FAKE,"Gardener Grows Giant Tomato That Whispers Advice on Stock Market Investments","An enormous, genetically modified tomato in a backyard garden has begun to speak, offering eerily accurate financial advice. The gardener is now a billionaire, following its produce-based tips."
F021,FAKE,"MUST READ: Secret Government Laser Causes Recent Rise in Pet Dander Allergies","The surge in seasonal allergies is not pollen-related, but the result of a covert high-frequency laser test designed to map the atmosphere. The laser's frequency is making all pets suddenly shed more dander."
F022,FAKE,"Ancient Curse Awakens After City Council Votes to Demolish 100-Year-Old Fountain","The moment the first wrecking ball hit the fountain, the sky turned green and a deep voice was heard warning the city of seven years of bad luck and bizarre precipitation."
F023,FAKE,"Drinking Coffee from Plastic Cups Linked to Ability to Teleport Short Distances","New, dubious research claims that a chemical reaction between hot coffee and cheap plastic bestows temporary, uncontrolled teleportation powers upon the consumer. Side effects include dizziness."
F024,FAKE,"Retired Astronaut Admits Moon Landing Was Filmed in a Hollywood Basement Full of Puppies","In a tearful deathbed confession, a former NASA official admitted that the entire Apollo program was fabricated using miniature sets and a surprising number of trained Labrador puppies."
F025,FAKE,"Local Bank Starts Charging Customers a 'Worry Fee' for Checking Their Balance Too Often","A new policy has been secretly introduced at a regional bank, imposing a $5 charge every time a customer checks their account balance online, citing the cost of 'emotional stress bandwidth.'"
F026,FAKE,"Giant Sinkhole Opens in Highway, Revealing Perfectly Preserved 1950s Diner Below","Construction workers were shocked to find a fully intact, still-furnished mid-century diner, complete with menus and vintage milkshakes, beneath the collapsed roadway. It's now a tourist attraction."
F027,FAKE,"Expert Claims Eating Burnt Toast Can Help You Speak the Language of Cats and Squirrels","A fringe linguist published a paper suggesting that the chemical compounds in charred bread temporarily unlocks the brain's capacity to understand non-human mammalian communication."
F028,FAKE,"BREAKING: All Traffic Lights Will Be Replaced by Human Dancers Next Year","The Department of Transportation announced an experimental program to replace all automated traffic signals with interpretive dancers, hoping to add 'artistic flair' to the morning commute."
F029,FAKE,"The Sun Is Actually Made of Ice Cream, Not Fire, According to Unnamed Astrophysicist","A radical new theory, widely mocked by the mainstream, posits that the sun is a massive, self-cooling sphere of compressed frozen dairy, not plasma. The light is just 'frozen aurora.'"
F030,FAKE,"Study: People Who Own More Than Five Pairs of Socks Are Secretly Part of a Shadowy Global Cult","A highly questionable sociological analysis links excessive sock ownership to membership in an ancient, powerful group controlling world governments and the price of avocados."
F031,FAKE,"CRITICAL WARNING: The New \$20 Bills Emit a Subsonic Frequency That Causes Insomnia","Security features on the new currency include a low-level, inaudible sound wave designed to keep the population awake. Citizens are advised to store all new bills in a lead-lined box."
F032,FAKE,"Local Gym Blames Membership Dips on Invisible Fitness-Stealing Ghosts","The owners of a failing fitness center claim that poltergeists are secretly performing exercises on their equipment, causing members to believe they are working out when they are not."
F033,FAKE,"Pigeon Population in City Quadruples After Council Declares Them a 'Protected Heritage Species'","A well-intentioned but ill-advised local ordinance granting pigeons special protection led to a catastrophic explosion in their numbers, crippling outdoor dining and public squares."
F034,FAKE,"Watermelon Found to Contain Trace Amounts of an Alien DNA Structure","A routine FDA food inspection discovered a peculiar, non-Earth-based genetic sequence in a popular summer fruit, sparking panic over extraterrestrial food contamination."
F035,FAKE,"Scientists Discover Humans Have a 'Third Eye' Hidden in the Back of the Throat","An anatomical discovery, overlooked for centuries, confirms that a rudimentary third eye, sensitive to magnetic fields, is located near the tonsils. It can be activated by humming."
F036,FAKE,"New Device Promises to Translate the Thoughts of Houseplants into English Text","A crowd-funded gadget claims to decode the bio-electrical signals of ferns and ficuses, allowing owners to finally understand their plants' existential complaints and watering needs."
F037,FAKE,"WATCH NOW: CEO of Major Corporation Seen Fleeing Board Meeting Dressed as a Giant Badger","Reporters captured footage of the company's chief executive attempting to escape a hostile takeover meeting while wearing an elaborate, life-sized woodland creature costume."
F038,FAKE,"Astrologer Predicts Massive Asteroid Will Crash into Earth on Tuesday, But Only in Utah","A self-proclaimed cosmic prophet calculated that a civilization-ending space rock will strike the United States, but due to a 'gravitational anomaly,' only the state of Utah will be affected."
F039,FAKE,"Local City to Replace All Speed Bumps with Miniature Trampolines for 'Joyful Commuting'","In a bizarre infrastructure move, the city council voted to install small, vehicle-friendly trampolines on residential roads to encourage drivers to be happier and more bouncy."
F040,FAKE,"Global Warming Caused By Too Many People Leaving Their Refrigerators Open, Says Study","An internal report from a climate skeptic group claims that household appliance habits, not industry, are the primary driver of rising temperatures. Close your fridge, save the world!"
F041,FAKE,"Secret Recipe for Eternal Youth Found Engraved on Back of a Supermarket Shopping Cart","A woman discovered ancient symbols beneath the rusty handle of her shopping cart, which, when translated, proved to be a detailed, foolproof recipe for reversing all signs of aging."
F042,FAKE,"EXPOSED: Fast Food Chain Uses Advanced Robotics to Replace All Human Customers","An alleged former employee claims the popular burger joint is piloting a scheme where sophisticated androids are programmed to order and eat food, creating the illusion of a busy restaurant."
F043,FAKE,"DRAMATIC FOOTAGE: Pylons on Power Grid Are Actually Giant, Sleeping Robots","A conspiracy theorist posted video showing a slight shimmer around high-tension power lines, claiming the tall structures are not electrical supports but colossal, hibernating machines."
F044,FAKE,"New Dietary Fad: Eating Only Blue-Colored Foods Guarantees Success and Wealth","The 'Blue Plate Diet' promises not just weight loss, but incredible financial success and a charismatic personality, simply by restricting your intake to artificially blue edibles."
F045,FAKE,"The Earth Is Flat, And It's Secretly Being Protected By A Wall of Invisible Space Turtles","A new theory from a fringe group suggests the planet is a disc, and a fleet of colossal, invisible space turtles is maintaining its stability and preventing us from falling off the edge."
F046,FAKE,"Report: Listening to Country Music Increases Your Credit Score By 100 Points","An unverified, completely bizarre financial study claims that regular listening to the genre of country music has a direct, positive correlation with improving an individual's financial solvency."
F047,FAKE,"Scientists Find Evidence That Dreams Are Actually Glimpses Into Alternate, Better Realities","A sleep research center announced that the strange scenarios in human dreams are not random, but brief, psychic windows into successful, happier versions of our current life."
F048,FAKE,"Massive Government Satellite Falls Out of Orbit, Lands Perfectly on Top of a Wedding Cake","A disastrous launch failure resulted in an advanced, multi-billion-dollar military satellite crashing down, miraculously landing on a wedding cake during an outdoor reception, destroying only the frosting."
F049,FAKE,"Local Man Invents a Watch That Allows Him to Slow Down Time When He’s Running Late","A self-taught inventor developed a mechanical wristwatch that, when activated, creates a localized temporal distortion, giving him an extra five minutes to make his bus."
F050,FAKE,"BANNED! Scientists Say Chewing Gum Is Actually Made Out of Ground-Up Old Car Tires","An 'independent' lab report claims the main ingredient in all popular chewing gum brands is recycled tire rubber, leading to immediate demands for a national ban on the sticky substance."
F051,FAKE,"NEW LAW: Citizens Must Use Only Nicknames for Family Members Starting Next Month","A bizarre, last-minute bill passed by the state legislature mandates that all citizens refer to their immediate family using only cute nicknames (e.g., 'Sweetie-Pie,' 'Buddy-Boo')."
F052,FAKE,"Meteorite Shower Rains Down Tiny, Perfectly Formed Miniature Clay Gnomes in Texas","A massive celestial event deposited thousands of small, detailed, ceramic-like garden gnomes across a wide area of rural Texas. The gnomes appear to be holding tiny, functional pickaxes."
F053,FAKE,"Secret Government Program Found to be Training Squirrels to Steal Loose Change from Pockets","A highly classified memo confirms that the Department of Treasury is funding a shadowy project using genetically enhanced squirrels to discreetly pilfer pocket change to fund black budget operations."
F054,FAKE,"Health Officials Warn: Binge-Watching Television Can Cause Spontaneous Combustion","A shocking, non-peer-reviewed report suggests that consuming more than 10 consecutive hours of television creates a chemical imbalance that can lead to a sudden, fiery demise."
F055,FAKE,"Local Coffee Shop Starts Charging Customers Based on Their Level of Happiness","A controversial new payment model requires patrons to rate their mood on a scale of 1-10; the happier they are, the more they pay for their latte, based on the 'premium experience.'"
F056,FAKE,"EXPOSED: Popular Cereal Contains Magnetic Metal Flakes That Stick to Your Refrigerator","A viral video shows a common breakfast food being pulled toward a magnet, leading to widespread fear that the metal particles are accumulating inside the bodies of consumers."
F057,FAKE,"The Pyramids Were Built by Time-Traveling Humans From the Year 2150 Seeking Ancient Wi-Fi","A discredited historian claims the Egyptian monuments were constructed by future humans who traveled back in time to harness a powerful, long-lost form of internet connectivity."
F058,FAKE,"UFO Spotted Hovering Over Presidential Motorcade, Delivering a Pizza Box","Secret service agents confirmed that an unidentified flying object briefly paused over the President's convoy before dropping a plain white box that was later confirmed to contain an extra-large pepperoni pizza."
F059,FAKE,"BREAKING: New Traffic Law Requires Drivers to High-Five Police Officers During Routine Stops","In an attempt to promote community relations, a new local ordinance mandates a friendly, open-palmed slap between the driver and the officer before any citation can be issued."
F060,FAKE,"Ancient Viking Ship Found Buried Under Walmart Parking Lot, Still Full of Treasure","Construction crews digging a foundation for a new retail expansion uncovered a fully intact 10th-century longship filled with gold coins and battle axes. Walmart claims the site is still intended for pet supplies."
F061,FAKE,"MUST SEE: Local Man Can Predict the Weather by Tasting Different Types of Road Salt","An eccentric individual claims his highly sensitive palate allows him to accurately forecast temperature, precipitation, and wind direction by sampling the sodium chloride used to de-ice roads."
F062,FAKE,"Study: Using All Capital Letters Online Causes Your Pet Fish to Develop Anxiety","New research from a dubious behavioral institute links aggressive keyboard habits, specifically the use of 'caps lock,' to elevated stress levels and fin-nipping in goldfish."
F063,FAKE,"Drones Are Secretly Being Used to Collect DNA Samples from People’s Laundry Lines","A conspiracy alleges that small, covert surveillance drones are flying through backyards, using miniature vacuums to sample human genetic material from drying clothes."
F064,FAKE,"Scientists Successfully Teach a Houseplant to Play the Trombone Using Electrodes","An ambitious botanical experiment succeeded in wiring a large potted plant to a musical instrument, allowing it to produce simple melodies through bio-feedback."
F065,FAKE,"New 'Gravity Fee' Imposed on All Citizens Weighing Over 200 Pounds","A controversial new state measure proposes to tax individuals based on their body weight, claiming they are putting 'undue strain' on public sidewalks and roads."
F066,FAKE,"All Squirrels in the State Have Developed the Ability to Understand and Use Simple Tools","The state's entire population of squirrels is now reportedly using tiny hammers, wrenches, and screwdrivers, causing widespread chaos and sophisticated theft of bird feeders."
F067,FAKE,"EXPLOSIVE: Popular Children's Cartoon Character Is Actually a Deep Cover International Spy","A leaked animation cel reveals that the beloved, brightly colored character is a decorated agent of a foreign intelligence agency, using the show as a complex encryption method."
F068,FAKE,"Eating Raw Garlic Before Bed Grants the Consumer the Ability to Fly, But Only for 5 Minutes","An unsubstantiated health blog claims that the sulfur compounds in raw garlic trigger a temporary levitation effect, followed by extreme exhaustion and bad breath."
F069,FAKE,"Local Town Secretly Replaced All Its Roads with Giant Trampolines for Energy Saving","The small community transitioned its entire street network to high-tension trampolines, claiming the bouncing cars generate kinetic energy that is captured and fed back into the power grid."
F070,FAKE,"WARNING: That New 'Smart' Refrigerator Is Secretly Rating Your Cooking Skills and Sharing It Online","The AI in the newest kitchen appliance models is apparently monitoring meal quality and posting anonymous, brutal reviews of your culinary attempts to a hidden forum."
F071,FAKE,"BREAKING: Statue in City Park Begins Crying Tears of Pure, High-Fructose Corn Syrup","A centuries-old bronze statue has started weeping a stream of thick, sugary liquid, prompting both wonder and concern from local health and confectionery officials."
F072,FAKE,"New Internet Browser Update Will Only Load Websites That Agree With Your Political Opinions","A major web company released a beta browser that uses AI to filter out all opposing viewpoints, creating a perfectly tailored, argument-free online experience."
F073,FAKE,"Study Suggests Talking to Your Car Can Increase Its Gas Mileage By 50%","Researchers found a placebo effect where drivers who regularly compliment their vehicle's performance see a dramatic increase in fuel efficiency. The car needs positive affirmation!"
F074,FAKE,"Ancient Map Found Hidden in Box of Cereal Points to Location of Lost Atlantis in Local Pond","A child found a tattered piece of parchment in his breakfast box that, according to a local amateur historian, is the key to finding the mythical sunken city in a nearby retention pond."
F075,FAKE,"All Major Airlines to Charge Extra 'Baggage Fee' for Carrying Unnecessary Emotional Weight","Starting next month, check-in kiosks will include a mandatory psychological assessment; passengers deemed too emotionally troubled will incur a surcharge."
F076,FAKE,"Local Man Claims to Have Met His Future Self Who Only Warned Him Not to Buy Expired Milk","A man claims to have had a profound temporal encounter with his aged self, who traveled back in time just to prevent him from making a specific, non-critical grocery mistake."
F077,FAKE,"The Moon Landing Was Fake, And The Astronauts Were Paid In Lifetime Supplies of Mayonnaise","A shocking exposé claims the entire space program was a hoax, and the four astronauts involved were compensated with unlimited jars of premium, brand-name mayonnaise."
F078,FAKE,"Health Minister Resigns After Photo Leaks Show Them Eating a Bag of Chips While Jogging","A high-ranking official abruptly stepped down after a paparazzi photo showed them engaging in a bizarre combination of cardiovascular exercise and simultaneous junk food consumption."
F079,FAKE,"EXCLUSIVE: New 'Silent Alarm' Phone Feature Actually Summons a Flock of Seagulls to Your Location","The latest phone update has a hidden function where tapping the screen three times sends out a high-frequency call that attracts every seagull within a two-mile radius."
F080,FAKE,"NASA Planning to Build a Theme Park on the Surface of the Moon By 2030","Leaked documents outline a multi-billion dollar project to construct an amusement park on the lunar surface, featuring low-gravity roller coasters and moon-dust ice cream."
F081,FAKE,"Experts Warn That Eating Pizza Crusts Increases Risk of Being Kidnapped by Goblins","A sensational, unfounded warning from a 'mythological studies' group advises against eating the outer edge of pizza, claiming it acts as a magical lure for small, malevolent creatures."
F082,FAKE,"All Government Meetings Now Require Attendees to Wear Clown Noses for 'Transparency'","A new federal mandate requires all elected officials to wear brightly colored, squeaky clown noses during televised debates and press conferences to signal honesty."
F083,FAKE,"BREAKING: Earth’s Magnetic Poles Have Flipped, and Now North Is South, But Nobody Noticed","An alleged anonymous geologist claims the planet's magnetic field reversed polarity three weeks ago, but the change was so sudden and complete that all compasses still point 'correctly'."
F084,FAKE,"Local Man Invents a Machine That Can Turn Canceled Checks into Usable Gold Coins","An amateur inventor claims his device, powered by static electricity and disappointment, can smelt old bank documents into valuable currency. The gold smells faintly of ink."
F085,FAKE,"Report: The Government Is Secretly Adding Laughter Track to All Live News Broadcasts","A former technician claims a covert operation adds canned laughter to serious news programs to subtly undermine viewer comprehension and critical thought."
F086,FAKE,"New Study Finds That Wearing Socks with Sandals is Actually the Key to Superior Athletic Performance","Contrary to popular belief, a bizarre fashion study claims that the combination of open-toed shoes and socks creates an aerodynamic advantage for runners."
F087,FAKE,"WARNING: All Store Mannequins Are Now Equipped with Facial Recognition Technology","Retail displays are reportedly using sophisticated AI to identify customers, analyze their reactions, and report their 'shopping attitude' to an undisclosed corporate database."
F088,FAKE,"World's Oceans Are Gradually Being Replaced with Sparkling Water Due to Undiscovered Mineral Vein","Oceanographers are baffled as seawater is inexplicably transforming into carbonated, bubbly water, signaling a massive, unseen geological event."
F089,FAKE,"Local Pet Store Now Only Accepts Payment in Unused Gift Cards for Different Stores","The bizarre payment policy, implemented by a new manager, requires customers to pay for hamsters and birdseed using gift cards from coffee chains and bookshops."
F090,FAKE,"Giant Holographic Image of Historical Figure Appears Over City, Demanding Everyone Take a Nap","Citizens were bewildered when a massive, ghostly projection of an ancient emperor appeared in the sky, using a booming voice to command mandatory, immediate rest."
F091,FAKE,"The Entire Internet Was Accidentally Deleted for Three Seconds Last Night, Causing Global Amnesia","A momentary deletion of all online data led to a collective three-second gap in human memory, causing brief, worldwide confusion about the purpose of forks and shoes."
F092,FAKE,"Study: People Who Constantly Post Food Photos Are 90% More Likely to Be Aliens","A questionable psychological profile links the habit of photographing meals before eating them to a high probability of being an extraterrestrial reconnaissance scout."
F093,FAKE,"BREAKING: Dogs Can Now File Tax Returns, Thanks to New Tax Loophole for Pets","A controversial new interpretation of tax law allows pet owners to list their dogs as dependents who can claim certain tax credits, provided they can sign the forms with a paw print."
F094,FAKE,"Global Currency Collapses After Tiny Bird Steals All the Federal Reserve's Gold Reserves","A small, highly intelligent species of tropical bird was caught on security camera systematically flying out of the vault with tiny specks of gold, one by one, over a period of three months."
F095,FAKE,"New School Curriculum Requires All Students to Learn the Art of Mime and Juggling","The local education board mandated a shift in focus from traditional subjects to performing arts, arguing that advanced mime skills are critical for 21st-century communication."
F096,FAKE,"EXPOSED: Fast Food Milkshakes Are Secretly Being Made with Snow Collected from the Himalayas","A shocking undercover report claims the thick texture of the chain's famous milkshakes is due to a highly illegal and costly supply chain of frozen Himalayan snow."
F097,FAKE,"Astrophysicists Confirm That Gravity Is Just a Suggestion, Not a Law","A revolutionary paper suggests that the force of gravity is not an absolute law of nature, but a highly persuasive, long-running natural phenomenon that can be resisted with enough focus."
F098,FAKE,"Tourist Stumbles Upon Secret Door in Eiffel Tower That Leads to a Hidden Underground Sushi Restaurant","A tourist reported finding a disguised service door that led to a sophisticated, exclusive Japanese restaurant operating entirely beneath the foundation of the famous landmark."
F099,FAKE,"WARNING: Talking to Your Reflection for Too Long Will Cause It to Swap Places With You","A supernatural warning advises against prolonged mirror gazing, claiming that after exactly 10 minutes, the reflection gains sentience and pulls the observer into the looking glass."
F100,FAKE,"New Diet Claims Eating Nothing But Mustard Can Lower Cholesterol and Cure All Ailments","A self-proclaimed 'mustard guru' promotes a radical regimen where the only food consumed is yellow mustard, promising miraculous health benefits and surprisingly pungent breath."